Brendan Rodgers says Steven Gerrard not certain of Liverpool return, http://www.theguardian.com/football/2015/mar/15/brendan-rodgers-steven-gerrard-liverpool, i.guim.co.uk/static/w-300/h--/q-95/sys-images/Guardian/Pix/pictures/2015/3/15/1426440052304/Steven-Gerrard-003.jpg, 2015-03-15T22:30:06+0000
Steven Gerrard and Jamie Carragher host all-star Anfield charity game – video, http://www.theguardian.com/football/video/2015/mar/13/liverpool-jamie-carragher-steven-gerrard-all-star-game-video, <no image>, 2015-03-13T10:05:00+0000
Steven Gerrard defends Chelsea players’ ‘normal’ pressuring of referee, http://www.theguardian.com/football/2015/mar/12/steven-gerrard-defends-chelsea-players-referee-psg, i.guim.co.uk/static/w-300/h--/q-95/sys-images/Football/Pix/pictures/2015/3/12/1426184625822/Chelsea-2-2-PSG-003.jpg, 2015-03-12T18:25:27+0000
MLS in demand for 20th season and keen to leave strike threat behind, http://www.theguardian.com/football/blog/2015/mar/05/mls-20th-season-strike-threat-chicago-fire-la-galaxy, <no image>, 2015-03-05T16:07:44+0000
Luis Suárez and Fernando Torres to return to Liverpool for charity game, http://www.theguardian.com/football/2015/mar/05/luis-suarez-fernando-torres-liverpool-charity-game, i.guim.co.uk/static/w-300/h--/q-95/sys-images/Guardian/Pix/pictures/2015/3/5/1425565047651/Luis-Su-rez-003.jpg, 2015-03-05T14:21:10+0000
Steven Gerrard back in Liverpool training but unlikely to face Burnley, http://www.theguardian.com/football/2015/mar/03/steven-gerrard-back-liverpool-training-unlikely-face-burnley, i.guim.co.uk/static/w-300/h--/q-95/sys-images/Football/Pix/pictures/2015/3/3/1425379869459/Liverpool-captain-Steven--003.jpg, 2015-03-03T10:53:01+0000
Liverpool’s Mario Balotelli accused of disrespect by Gerrard over penalty, http://www.theguardian.com/football/2015/feb/20/liverpool-mario-balotelli-disrespect-steven-gerrard-penalty, <no image>, 2015-02-20T00:34:00+0000
Steven Gerrard cannot be replaced, says Brendan Rodgers – video, http://www.theguardian.com/football/video/2015/feb/15/steven-gerrard-cannot-be-replaced-brendan-rodgers-video, <no image>, 2015-02-15T11:08:00+0000
Liverpool’s Steven Gerrard could miss three weeks with hamstring injury, http://www.theguardian.com/football/2015/feb/11/liverpool-steven-gerrard-injury, i.guim.co.uk/static/w-300/h--/q-95/sys-images/Guardian/Pix/pictures/2015/2/11/1423680480312/Steven-Gerrard-003.jpg, 2015-02-11T22:31:00+0000
Steven Gerrard: Liverpool must secure Raheem Sterling and Jordan Henderson, http://www.theguardian.com/football/2015/feb/06/steven-gerrard-liverpool-raheem-sterling-jordan-henderson, i.guim.co.uk/static/w-300/h--/q-95/sys-images/Football/Clubs/Club_Home/2015/2/6/1423247536745/Steven-Gerrard-003.jpg, 2015-02-06T18:33:31+0000
Manchester United finally looked like Manchester United. Now they must maintain it, http://www.theguardian.com/football/blog/2015/mar/16/manchester-united-tottenham-louis-van-gaal-champions-league, i.guim.co.uk/static/w-300/h--/q-95/sys-images/Guardian/Pix/pictures/2015/3/16/1426517040285/1c18cfe6-5b29-45d8-864c-f2f27117a81b-300x180.jpeg, 2015-03-16T14:36:25+0000
Wayne Rooney and Louis van Gaal play down boxing story after United win, http://www.theguardian.com/football/2015/mar/15/wayne-rooney-louis-van-gaal-manchester-united, i.guim.co.uk/static/w-300/h--/q-95/sys-images/Guardian/Pix/pictures/2015/3/16/1426496795063/97d33c11-4341-4c99-af35-d8a2dba95146-300x180.jpeg, 2015-03-15T20:22:47+0000
Wayne Rooney shows fighting spirit for Manchester United in win over Tottenham, http://www.theguardian.com/football/blog/2015/mar/15/wayne-rooney-fighting-manchester-united-win-tottenham, i.guim.co.uk/static/w-300/h--/q-95/sys-images/Guardian/Pix/pictures/2015/3/15/1426444347266/Wayne-Rooney-003.jpg, 2015-03-15T18:34:28+0000
Manchester United’s Wayne Rooney ‘knocked out in kitchen boxing bout’, http://www.theguardian.com/football/2015/mar/15/manchester-united-wayne-rooney-kitchen-boxing-bout-phil-bardsley, i.guim.co.uk/static/w-300/h--/q-95/sys-images/Football/Clubs/Club_Home/2015/3/15/1426415695920/Manchester-Uniteds-Wayne--006.jpg, 2015-03-15T10:35:43+0000
Wayne Rooney: Manchester United must regroup quickly after FA Cup exit, http://www.theguardian.com/football/2015/mar/10/wayne-rooney-manchester-united-fa-cup-exit, <no image>, 2015-03-10T11:22:26+0000
